[{"id":"7e7254a3.1fa0c4","type":"tab","label":"Flow 1","disabled":false,"info":""},{"id":"623fab15.53a554","type":"ui_text","z":"7e7254a3.1fa0c4","group":"872f14ec.8379c8","order":2,"width":0,"height":0,"name":"","label":"Predicition","format":"{{msg.payload}}","layout":"row-spread","x":1575,"y":406,"wires":[]},{"id":"10c96e3c.692c42","type":"ui_form","z":"7e7254a3.1fa0c4","name":"","label":"","group":"872f14ec.8379c8","order":1,"width":0,"height":0,"options":[{"label":"age","value":"age","type":"number","required":true},{"label":"duration\t","value":"duration","type":"number","required":true},{"label":"campaign","value":"campaign","type":"number","required":true},{"label":"pday","value":"pdays","type":"number","required":true},{"label":"previou","value":"previou","type":"number","required":true},{"label":"emprate","value":"emprate","type":"number","required":true},{"label":"consprice","value":"consprice","type":"number","required":true},{"label":"cost","value":"cost","type":"number","required":true},{"label":"value","value":"value","type":"number","required":true},{"label":"employed","value":"employed","type":"number","required":true}],"formValue":{"age":"","duration":"","campaign":"","pdays":"","previou":"","emprate":"","consprice":"","cost":"","value":"","employed":""},"payload":"","submit":"","cancel":"","topic":"","x":795,"y":326,"wires":[["87294dec.383a2"]]},{"id":"87294dec.383a2","type":"function","z":"7e7254a3.1fa0c4","name":"parameters","func":"global.set(\"age\",msg.payload.age)\nglobal.set(\"duration\",msg.payload.duration)\nglobal.set(\"campaign\",msg.payload.campaign)\nglobal.set(\"pdays\",msg.payload.pdays)\nglobal.set(\"previou\",msg.payload.previou)\nglobal.set(\"emprate\",msg.payload.emprate)\nglobal.set(\"consprice\",msg.payload.consprice)\nglobal.set(\"cost\",msg.payload.cost)\nglobal.set(\"value\",msg.payload.value)\nglobal.set(\"employed\",msg.payload.employed)\nreturn msg;","outputs":1,"noerr":0,"x":873,"y":227,"wires":[["df96ca91.0dae58","6fc53f3e.e856c"]]},{"id":"df96ca91.0dae58","type":"http request","z":"7e7254a3.1fa0c4","name":"","method":"GET","ret":"obj","paytoqs":false,"url":"https://eu-gb.ml.cloud.ibm.com/v3/identity/token","tls":"","proxy":"","authType":"basic","x":975,"y":406,"wires":[["8136a5b3.90e698","199f455d.07d8eb"]]},{"id":"8136a5b3.90e698","type":"debug","z":"7e7254a3.1fa0c4","name":"","active":true,"tosidebar":true,"console":false,"tostatus":false,"complete":"false","x":1195,"y":466,"wires":[]},{"id":"46d1ec31.9c86d4","type":"http request","z":"7e7254a3.1fa0c4","name":"","method":"POST","ret":"obj","paytoqs":false,"url":"https://eu-gb.ml.cloud.ibm.com/v3/wml_instances/9b02d3d0-6fd6-4897-9a4c-02eb3e61fc32/deployments/4aa7ecf5-3f80-469e-84bf-c491c3d608bc/online","tls":"","proxy":"","authType":"basic","x":1135.0000076293945,"y":166.00000381469727,"wires":[["6f802d51.5e8e34","d80f8fe2.e4a4d"]]},{"id":"6f802d51.5e8e34","type":"debug","z":"7e7254a3.1fa0c4","name":"","active":true,"tosidebar":true,"console":false,"tostatus":false,"complete":"payload","targetType":"msg","x":1335,"y":146,"wires":[]},{"id":"d80f8fe2.e4a4d","type":"function","z":"7e7254a3.1fa0c4","name":"","func":"msg.payload=msg.payload.values[0][0]\nif(msg.payload === 0)\n{\n    msg.payload=\"Customer will not subscribe\"\n}\nelse\n{\n    msg.payload=\"Customer will  subscribe\"\n}\nreturn msg;","outputs":1,"noerr":0,"x":1375,"y":346,"wires":[["623fab15.53a554"]]},{"id":"199f455d.07d8eb","type":"function","z":"7e7254a3.1fa0c4","name":"prediction","func":"var token = msg.payload.token\nvar age=global.get('age')\nvar duration=global.get('duration')\nvar campaign=global.get('campaign')\nvar pdays=global.get('pdays')\nvar previou=global.get('previou')\nvar emprate=global.get('emprate')\nvar consprice=global.get('consprice')\nvar cost=global.get('cost')\nvar value=global.get('value')\nvar employed=global.get('employed')\nmsg.payload ={\"fields\":[\"age\",\"duration\",\"campaign\",\"pdays\",\"previou\",\"emprate\",\"consprice\",\"cost\",\"value\",\"employed\"],values:[[age,duration,campaign,pdays,previou,emprate,consprice,cost,value,employed]]}\nmsg.headers={\"Authorization\":\"Bearer \"+token}\nreturn msg;","outputs":1,"noerr":0,"x":1065,"y":266,"wires":[["46d1ec31.9c86d4","7d71c1ec.6e7d4"]]},{"id":"6fc53f3e.e856c","type":"debug","z":"7e7254a3.1fa0c4","name":"","active":true,"tosidebar":true,"console":false,"tostatus":false,"complete":"false","x":969.9246651785712,"y":148.7053571428571,"wires":[]},{"id":"7d71c1ec.6e7d4","type":"debug","z":"7e7254a3.1fa0c4","name":"","active":true,"tosidebar":true,"console":false,"tostatus":false,"complete":"false","x":1175.6305803571427,"y":374.4308035714285,"wires":[]},{"id":"872f14ec.8379c8","type":"ui_group","z":"","name":"market forecasting prediction","tab":"6f4a3954.b640d8","disp":true,"width":"6","collapse":false},{"id":"6f4a3954.b640d8","type":"ui_tab","z":"","name":"Home","icon":"dashboard"}]